Date,AMGN,REGN,JNJ,IBB
1/2/2015,159.89,410.16,104.52,102.11
1/5/2015,157.99,412.47,103.79,101.95
1/6/2015,152.9,396.89,103.28,100.27
1/7/2015,158.24,407.72,105.56,104
1/8/2015,157.67,403.25,106.39,104.81
1/9/2015,155.73,411.04,104.94,104.44
1/12/2015,156.22,413.33,104.58,105.02
1/13/2015,155.14,406.49,104.76,104.99
1/14/2015,155.16,404.31,104,105.19
1/15/2015,151.92,397.12,102.49,102.57
1/16/2015,158.43,408.69,104.04,105.94
1/20/2015,157.6,421.11,101.29,107.74
1/21/2015,157.38,418.11,101.9,106.16
1/22/2015,159.57,420.81,103.76,106.99
1/23/2015,159.81,420.21,102.2,107.47
1/26/2015,159.73,423.77,102.26,109.33
1/27/2015,158.89,415.74,102.09,108.66
1/28/2015,154.64,408,101.48,106.33
1/29/2015,156.37,414.64,102.38,107.62
1/30/2015,152.26,416.66,100.14,107.22
2/2/2015,152.5,413.09,100.83,106.53
2/3/2015,152.23,409.2,102.46,105.93
2/4/2015,151.45,401.36,101.36,104.18
2/5/2015,153.36,413.87,102.46,106.64
2/6/2015,151.4,406.86,101.1,105.2
2/9/2015,150.01,399.72,99.78,104.47
2/10/2015,152.57,400.71,100.35,106.09
2/11/2015,153.11,398.99,100.38,105.75
2/12/2015,153.18,401.74,98.44,106.81
2/13/2015,153.48,402.4,99.62,107.82
2/17/2015,154.24,404.18,100.44,108.94
2/18/2015,155.78,405.8,99.96,109.81
2/19/2015,156.05,426.6,100.7,110.66
2/20/2015,157.66,423.78,100.26,112.14
2/23/2015,158.42,425.11,100.18,112.67
2/24/2015,157.37,420.64,100.7,111.72
2/25/2015,158.08,423.04,101.21,113.15
2/26/2015,158.97,419.87,102.8,113.6
2/27/2015,157.72,413.84,102.51,112.49
3/2/2015,159.63,418.44,103.22,113.25
3/3/2015,158.56,412.51,102.34,112.64
3/4/2015,159.19,413.04,101.65,113.36
3/5/2015,159.6,428.95,102.52,115.89
3/6/2015,154.88,422.13,100.11,114.12
3/9/2015,155.01,426.87,100.66,114.29
3/10/2015,153.58,422.84,99.53,113.81
3/11/2015,152.7,424.55,98.32,114.18
3/12/2015,154.25,425.16,99.83,114.94
3/13/2015,154.26,429.38,99.21,115.11
3/16/2015,163.03,451.77,101.06,117.99
3/17/2015,163.07,467.8,99.89,118.75
3/18/2015,166.54,472.11,101.46,119.38
3/19/2015,169.11,486.02,101.69,121.75
3/20/2015,170.1,488.87,102.4,122.17
3/23/2015,166.54,478.32,102.98,119.43
3/24/2015,166.01,473.74,101.96,118.65
3/25/2015,160.62,453.99,100.34,113.77
3/26/2015,160.55,448.38,100.14,113.6
3/27/2015,162.59,454.5,100.34,115.82
3/30/2015,164.31,459.78,101.55,117.11
3/31/2015,159.85,451.48,100.6,114.48
4/1/2015,157.1,441.18,99.15,113.36
4/2/2015,155.88,438.27,99.64,113.23
4/6/2015,155.28,440.23,99.16,112.95
4/7/2015,157.28,441.65,100.1,113.97
4/8/2015,160.33,453.19,100.16,117.34
4/9/2015,161.49,455.04,101.33,117.69
4/10/2015,163.38,461.39,102.06,119.15
4/13/2015,162.49,456.98,100.55,119.44
4/14/2015,162.57,455.07,100.52,119.07
4/15/2015,165.47,453.89,100.6,120.31
4/16/2015,166.87,457.42,99.79,120.5
4/17/2015,163.58,447.52,99.58,118.82
4/20/2015,165.97,452.42,100.21,119.32
4/21/2015,168.46,463.22,100.3,121.5
4/22/2015,169.1,472.63,100.43,121.28
4/23/2015,169.17,480.08,100.46,122.56
4/24/2015,167.91,480.09,101.08,121.23
4/27/2015,162.38,473.48,100.58,116.18
4/28/2015,162.49,466.34,100.74,114.83
4/29/2015,160.98,469.7,100.39,114.94
4/30/2015,157.91,457.46,99.2,111.22
5/1/2015,160.36,471.16,100.13,114.67
5/4/2015,162.11,474.17,100.35,115.06
5/5/2015,159.44,465.5,99.5,112.67
5/6/2015,158.95,470.01,99.17,113.57
5/7/2015,157.9,468.62,99.66,114.7
5/8/2015,162.34,481.29,101.47,117.38
5/11/2015,161.05,477.56,101.03,117.43
5/12/2015,158.24,479.4,100.47,117.26
5/13/2015,158.39,477.46,100.55,116.95
5/14/2015,161.98,491.43,101.83,118.53
5/15/2015,162.36,489.01,102.3,118.54
5/18/2015,163.44,496.74,103.42,120.1
5/19/2015,163.56,504.15,103.96,120.16
5/20/2015,163.98,512.77,103.6,121.2
5/21/2015,163.84,516,102.42,121.2
5/22/2015,163.58,513.88,101.35,121.51
5/26/2015,159.01,506.63,100.82,120.1
5/27/2015,160.44,515.37,101.13,122.32
5/28/2015,157.35,512.12,101.15,121.63
5/29/2015,156.26,512.56,100.14,121.68
6/1/2015,157.03,513.81,100.04,121.6
6/2/2015,156.44,508.9,99.98,121.15
6/3/2015,157.13,514.22,100.09,121.61
6/4/2015,158.09,518.62,99.23,120.93
6/5/2015,157.25,539.4,98.59,122.35
6/8/2015,156.47,526.09,97.96,121.67
6/9/2015,154.8,512.32,98.21,120.21
6/10/2015,155.55,501.1,98.88,121.94
6/11/2015,157.96,492.29,99.24,122.69
6/12/2015,156.12,499.06,98.35,121.3
6/15/2015,156.1,501.76,97.49,121.23
6/16/2015,156.23,512.89,98.36,121.46
6/17/2015,155.65,527.97,98.73,122.18
6/18/2015,160.12,522.28,100.36,125.96
6/19/2015,160.72,520.71,99.86,125.83
6/22/2015,162.22,521.05,100.09,127.72
6/23/2015,161.69,516.59,99.78,127.75
6/24/2015,159.89,519.24,99.33,125.86
6/25/2015,158.76,520.63,99.12,125.28
6/26/2015,158.02,504.97,99.64,124.26
6/29/2015,151.6,510.13,97.68,120.19
6/30/2015,153.52,506.51,97.46,122.99
7/1/2015,154.99,511.08,98.47,123.3
7/2/2015,153.26,512.24,98.44,123.45
7/6/2015,154.5,517.61,98.2,124.12
7/7/2015,155.39,509.3,98.92,124.47
7/8/2015,152.31,509.03,97.77,120.93
7/9/2015,151.31,526.01,98.4,122.25
7/10/2015,154.1,536.21,99.53,124.27
7/13/2015,155.76,542.9,100.27,126.38
7/14/2015,159.32,543.38,99.78,129.31
7/15/2015,160.45,551.53,100.42,130.25
7/16/2015,163.04,551.98,101.11,131.89
7/17/2015,163.27,561.17,100.08,132.53
7/20/2015,164.34,560,100.37,132.67
7/21/2015,163.7,556.53,100.34,131.83
7/22/2015,164.25,556.61,100.18,131.45
7/23/2015,164.1,541.85,100.2,131.25
7/24/2015,158.59,540.03,99.15,125.86
7/27/2015,165.54,552.45,98.28,124.53
7/28/2015,172.74,546.27,99.02,127.61
7/29/2015,171.47,547.1,99.73,125.81
7/30/2015,171.69,553.66,99.84,126.27
7/31/2015,176.59,554.27,100.21,127.51
8/3/2015,175.59,580.94,100.02,127.38
8/4/2015,174.8,592.4,99.8,127.94
8/5/2015,176.44,582.47,100.52,128.91
8/6/2015,169.66,579.04,99.07,123.36
8/7/2015,172.31,581,98.85,122.89
8/10/2015,170.6,566.99,99.79,123.81
8/11/2015,168.56,579.25,99.01,122.39
8/12/2015,170.62,574.1,98.71,123.39
8/13/2015,168.58,576.3,98.48,122.13
8/14/2015,167.72,576.76,98.81,121.35
8/17/2015,169.79,569.67,99.87,123.87
8/18/2015,167.72,568.91,99.37,122.76
8/19/2015,166.57,546.65,99.31,121.89
8/20/2015,161.15,527.18,98.79,116.94
8/21/2015,155.19,504.58,95.56,113.28
8/24/2015,147.64,499.02,92.82,108.29
8/25/2015,145.19,535.47,90.73,108.42
8/26/2015,153.98,538,95.11,113.92
8/27/2015,155.72,536.7,96.22,116.97
8/28/2015,155.89,513.5,95.17,117.76
8/31/2015,151.78,496.42,93.98,114
9/1/2015,147.46,518.78,92.09,111.11
9/2/2015,152.29,508.51,93.35,115.41
9/3/2015,149.23,499.99,92.64,112.88
9/4/2015,147.02,542.76,91.31,112.37
9/8/2015,154.56,527.35,93.94,117.26
9/9/2015,151.08,531.22,92.22,114.74
9/10/2015,153.14,533.3,92.72,116.91
9/11/2015,153.21,531.4,92.93,118.25
9/14/2015,151,541.45,93.32,117.8
9/15/2015,152.14,540.99,94.4,119.15
9/16/2015,151.18,550.97,94.61,118.38
9/17/2015,153.91,550.36,94.84,120.83
9/18/2015,150.59,529.38,93.39,118.92
9/21/2015,147.09,530.18,93.13,113.49
9/22/2015,145.93,536.5,93.24,111.8
9/23/2015,145.72,522,92.99,110.94
9/24/2015,143.51,490.67,92.48,108.74
9/25/2015,138.53,453.98,91,103.41
9/28/2015,132.24,451.82,91.37,96.87
9/29/2015,133.82,465.14,93.04,96.49
9/30/2015,138.32,472.97,93.35,101.11
10/1/2015,140.23,479.07,93.17,101.65
10/2/2015,142.47,473.14,93.93,105.18
10/5/2015,143.8,459.82,94.76,104.4
10/6/2015,141.22,485.76,93.42,100.64
10/7/2015,148.05,491.21,94.98,102.6
10/8/2015,149.9,503.92,95.08,102.4
10/9/2015,149.59,526.83,95.37,102.82
10/12/2015,153.03,508.04,95.99,102.85
10/13/2015,147.58,509.28,95.45,99.59
10/14/2015,147.81,519.35,94.53,100.53
10/15/2015,152.54,514.59,97.15,104.92
10/16/2015,152.61,523.56,98.24,104.77
10/19/2015,154.47,514.67,97.94,105.31
10/20/2015,150.45,518.53,97.59,101.99
10/21/2015,150.09,525.11,97.63,101.49
10/22/2015,152.31,536.7,99.53,102.04
10/23/2015,155.75,545.87,100.31,105.43
10/26/2015,158.58,567.79,99.94,105.82
10/27/2015,161.98,571.14,100.19,109.22
10/28/2015,162.67,560.02,100.48,110.6
10/29/2015,160.58,557.39,101.37,109.52
10/30/2015,158.18,579,101.03,108.49
11/2/2015,162.31,578,102.17,112.69
11/3/2015,162.46,564,101.96,113.03
11/4/2015,161.88,564.16,101.94,112.54
11/5/2015,161.22,562,102.33,110.38
11/6/2015,160.46,558.52,101.92,110.08
11/9/2015,159.63,564.86,100.84,110.19
11/10/2015,158.37,566.41,101.45,110.65
11/11/2015,156.86,552.53,101.86,108.95
11/12/2015,150.98,548.9,100.27,106.7
11/13/2015,151.55,558.38,99.88,107.88
11/16/2015,154.5,570.91,101.22,108.3
11/17/2015,157.6,587.09,101.5,109.71
11/18/2015,160.92,581.35,102.67,112.91
11/19/2015,159.49,579.57,102.49,111.14
11/20/2015,159.91,570.85,102.48,111.16
11/23/2015,162.47,567.47,102.77,111.97
11/24/2015,162.78,561.69,102.04,111.76
11/25/2015,163.95,563.1,101.96,112.95
11/27/2015,163.52,544.5,102.37,113.67
11/30/2015,161.1,545.74,101.24,111.46
12/1/2015,161.98,546.88,102.36,112.05
12/2/2015,160.52,535.73,102.05,111.31
12/3/2015,154.65,558.66,100.79,107.32
12/4/2015,161.43,546.61,102.95,110.57
12/7/2015,158.3,556.33,103.32,108.09
12/8/2015,159.35,547.39,102.42,110.2
12/9/2015,157.89,548.17,102.15,108.4
12/10/2015,159.67,534.51,102.64,109.8
12/11/2015,155.15,539.94,101.68,106.63
12/14/2015,158.11,556.45,102.15,106.95
12/15/2015,162.62,559.67,104.13,110
12/16/2015,164.58,551.49,105.25,112.47
12/17/2015,161.43,544.23,103.64,110.71
12/18/2015,158.8,532.55,101.95,110.5
12/21/2015,159.28,528.34,101.58,110.71
12/22/2015,162.3,535.85,102.71,110.89
12/23/2015,162.72,537.63,103.49,112.9
12/24/2015,163.55,540.28,103.72,113.26
12/28/2015,161.73,550.21,103.22,112.41
12/29/2015,164.44,548.19,104.03,114.37
12/30/2015,163.29,542.87,103.78,113.62
12/31/2015,162.33,516.55,102.72,112.78
1/4/2016,158.34,508.98,100.48,108.96
1/5/2016,158.17,519.48,100.9,108.99
1/6/2016,156.72,501.96,100.39,107.04
1/7/2016,152.98,491.68,99.22,102.59
1/8/2016,150.71,480.82,98.16,100.73
1/11/2016,147.69,474.98,97.57,97.23
1/12/2016,150.79,459.57,98.24,98.73
1/13/2016,145.46,479.08,97.02,93.38
1/14/2016,153.16,462.95,98.89,97.15
1/15/2016,151.3,447.02,97,94.73
1/19/2016,151.3,461.95,97.5,92.61
1/20/2016,155.02,461.57,95.75,95.16
1/21/2016,152.78,482.99,95.94,92.92
1/22/2016,156.08,473.12,96.75,96.01
1/25/2016,153.43,463.56,96.4,94.4
1/26/2016,153.78,434.16,101.18,94.03
1/27/2016,150.47,415.11,102.16,91.13
1/28/2016,148.35,420.09,102.27,87.82
1/29/2016,152.73,418.27,104.44,89.02
2/1/2016,152.75,409.89,104.37,89.51
2/2/2016,150.11,421.01,103.41,87
2/3/2016,150.69,412.59,104.14,88
2/4/2016,149.91,396.61,103.9,88.23
2/5/2016,145.04,390.53,100.54,85.41
2/8/2016,143,365.97,102,82.71
2/9/2016,143.16,367.48,101.97,82.8
2/10/2016,144.81,367.24,101.73,83.31
2/11/2016,141.46,379.01,101.7,81.35
2/12/2016,144.72,391.76,101.82,83.73
2/16/2016,147.15,397.26,102.32,86.24
2/17/2016,151.07,387.3,102.5,88.77
2/18/2016,149.3,394.98,104.24,86.47
2/19/2016,150.12,395.79,104.16,87.28
2/22/2016,148.56,386.83,104.75,87.87
2/23/2016,147.26,393.63,104.08,85.81
2/24/2016,147.11,393.99,104.96,86.26
2/25/2016,146.75,394.23,106.38,86.44
2/26/2016,147.6,384.02,105.78,87.16
2/29/2016,142.28,410.21,105.21,84.7
3/1/2016,148.39,407.81,107.22,88.42
3/2/2016,147.49,401.94,107.04,89.37
3/3/2016,145.84,403.82,106.65,88.08
3/4/2016,145.98,408.28,106.5,87.71
3/7/2016,147.31,394.81,106.74,89.92
3/8/2016,144.63,374.75,106.22,86.71
3/9/2016,140.9,377.56,106.84,85.71
3/10/2016,141.03,377.12,107.14,85.03
3/11/2016,144.57,373.27,107.71,87.31
3/14/2016,144.62,367.22,107.66,87.15
3/15/2016,143.21,368.46,107.76,83.82
3/16/2016,143.98,365.47,107.41,83.4
3/17/2016,144.13,364.51,106.74,82.36
3/18/2016,145.51,371.04,107.5,83.78
3/21/2016,147.01,378.31,107.28,85.5
3/22/2016,150.62,365.38,107.38,87.7
3/23/2016,148.76,370.8,108.5,84.75
3/24/2016,149.24,363.85,108.31,85.16
3/28/2016,148.37,367.37,108.23,84.03
3/29/2016,149.49,359.68,109.14,85.54
3/30/2016,149.48,360.44,108.98,84.98
3/31/2016,149.93,405.25,108.2,86.94
4/1/2016,154.16,405.3,109.19,89.44
4/4/2016,154.66,403.65,108.59,90.22
4/5/2016,152.95,427.2,108.95,89.88
4/6/2016,159.66,418.48,109.42,95.27
4/7/2016,157.38,404.94,109.27,93.57
4/8/2016,156.46,396.14,109.1,92.45
4/11/2016,156.39,408.07,108.97,90.9
4/12/2016,158.6,410.52,109.6,91.97
4/13/2016,160.06,406.83,109.87,93.73
4/14/2016,160.12,406.73,109.84,93.87
4/15/2016,160.13,422.38,110.18,93.54
4/18/2016,161.7,413.78,110.93,94.99
4/19/2016,162.1,399.75,112.68,93.18
4/20/2016,162.76,409.57,113.58,93.14
4/21/2016,164.35,404.38,113.57,95.85
4/22/2016,163.19,406.92,113.32,96.11
4/25/2016,163.46,406.66,113.51,95.32
4/26/2016,162.85,390.28,112.91,93.8
4/27/2016,161,391.3,112.77,92.5
4/28/2016,160.56,376.71,112.48,91.76
4/29/2016,158.3,384.52,112.08,89.32
5/2/2016,158.99,371.32,112.75,90.31
5/3/2016,156.35,360.64,112.69,88.58
5/4/2016,154.18,377.73,112.22,86.01
5/5/2016,154.25,369.95,112.88,86.4
5/6/2016,153.19,375.47,112.74,85.09
5/9/2016,155.41,385.87,113.72,87.3
5/10/2016,157.24,371.86,114.67,88.02
5/11/2016,154.18,365.64,114.37,85.37
5/12/2016,152.9,369.46,114.23,83.91
5/13/2016,152.35,391.95,113.56,84.63
5/16/2016,153.27,386.38,114.44,87.22
5/17/2016,150.11,390.28,113.83,86.39
5/18/2016,150.83,383.3,113.59,87.59
5/19/2016,148.67,386,112.85,86.3
5/20/2016,150.18,392.64,112.64,88.06
5/23/2016,149.3,397.7,112.16,88.68
5/24/2016,152.72,394.49,112.69,90.68
5/25/2016,155.57,393.54,113.35,91.68
5/26/2016,155.55,396.22,112.9,91.23
5/27/2016,156.74,398.93,113.06,92.06
5/31/2016,157.95,404.31,112.69,93.26
6/1/2016,158.05,407.13,112.78,93.73
6/2/2016,159.87,400.75,114.49,95.43
6/3/2016,159.19,403.89,114.76,93.92
6/6/2016,160.19,394.47,115.77,95.36
6/7/2016,158.89,388.97,115.73,92.92
6/8/2016,158,381.08,115.8,92.84
6/9/2016,156.78,372.03,117,91.19
6/10/2016,154.78,367.23,117.01,89.2
6/13/2016,153.08,366.49,116.79,88.14
6/14/2016,152.99,367.91,117.12,87.5
6/15/2016,151.9,366.52,116.41,87.5
6/16/2016,152.3,354.21,116.64,87.33
6/17/2016,149.62,352.66,115.48,85.46
6/20/2016,150.65,345.14,116.54,86.23
6/21/2016,149.42,351.92,116.18,84.93
6/22/2016,149.81,357.14,116.46,85.52
6/23/2016,152.27,339.48,117.38,87.37
6/24/2016,146.45,331.05,115.63,83.01
6/27/2016,144.58,339.78,116.55,80.5
6/28/2016,148.42,347.86,118.23,83.55
6/29/2016,150.1,349.23,119.33,85.35
6/30/2016,152.15,358.5,121.3,85.78
7/1/2016,154.28,359.61,121.29,87.58
7/5/2016,154.27,371.57,122.27,86.69
7/6/2016,156.05,371.45,122.64,88.75
7/7/2016,156.59,378.35,122.51,89.28
7/8/2016,161.1,375.74,122.85,90.38
7/11/2016,160.18,368.75,122.93,90.19
7/12/2016,161.96,364.5,122.92,90.85
7/13/2016,160.52,365.27,123,89.27
7/14/2016,162.74,373.81,123.18,89.49
7/15/2016,163.28,381.54,123,90.84
7/18/2016,162.93,377.15,123.14,91.16
7/19/2016,162.49,384.7,125.25,90
7/20/2016,163.25,389.52,125.14,92.18
7/21/2016,164.19,391.34,125.15,93.42
7/22/2016,165.67,394.9,125.03,93.63
7/25/2016,166.56,398.27,124.89,94.09
7/26/2016,167.67,415.09,125.15,93.43
7/27/2016,170.68,411.04,124.77,95.68
7/28/2016,171.28,425.12,124.46,95.89
7/29/2016,172.03,434,125.23,96.48
8/1/2016,174.16,434.9,125.4,98.02
8/2/2016,174.15,441.37,124.85,98.23
8/3/2016,173.43,433.4,123.9,99.31
8/4/2016,172.67,423,123.86,98.72
8/5/2016,173.66,421.04,124.24,99.1
8/8/2016,172.34,419.24,123.65,98.06
8/9/2016,172.08,415.48,123.43,98.19
8/10/2016,171.23,421.35,123.36,96.27
8/11/2016,172.43,421.54,123.77,97.3
8/12/2016,173.02,422.87,123.22,97.51
8/15/2016,174.58,413.64,122.31,98.4
8/16/2016,172.16,411.68,120.33,97.03
8/17/2016,174.31,410.87,121.31,96.97
8/18/2016,174.75,404.3,120.72,97.22
8/19/2016,173.62,418.65,119.92,96.77
8/22/2016,174.35,420.61,119.13,98.67
8/23/2016,174.4,405.25,119.44,98.73
8/24/2016,170.84,400.25,118.71,95.41
8/25/2016,170.23,402.97,118.57,94.29
8/26/2016,171.97,399.38,119.04,95.05
8/29/2016,171.51,395.22,119.92,94.62
8/30/2016,170.76,392.55,119.47,94.43
8/31/2016,170.06,393.4,119.34,93.63
9/1/2016,170.13,388.64,119.08,93.81
9/2/2016,169.77,398.31,119.32,93.54
9/6/2016,170.84,399.89,119.75,94.7
9/7/2016,170.63,401.83,119.61,95.37
9/8/2016,170.97,384.43,119.47,96.01
9/9/2016,166.55,399.51,118.23,92.88
9/12/2016,172.04,390.99,119.16,95.7
9/13/2016,169.3,397.56,117.61,94.21
9/14/2016,170.14,402.75,117.86,95.31
9/15/2016,172.64,408.63,118.63,96.72
9/16/2016,172.96,402.83,118.25,97.21
9/19/2016,171.38,406.24,117.66,97.17
9/20/2016,173.38,406.52,117.95,98.57
9/21/2016,173.85,408.01,118.91,99.18
9/22/2016,175.62,410.39,119.46,100.03
9/23/2016,174.8,404.12,118.81,99.39
9/26/2016,173.53,421.45,117.78,98.18
9/27/2016,171.63,419.1,119.22,99.16
9/28/2016,169.71,406.36,119.39,98.36
9/29/2016,165.45,402.02,117.27,95.29
9/30/2016,166.81,402.82,118.13,96.49
10/3/2016,167.34,397.2,118.81,96.67
10/4/2016,167.55,392.6,118.82,96.09
10/5/2016,167.24,388.6,119.18,96.93
10/6/2016,166.9,390.06,118.75,94.72
10/7/2016,167.5,393.86,119.24,94.7
10/10/2016,168.31,386.05,119.8,96.02
10/11/2016,164.32,373.47,117.64,92.33
10/12/2016,163.88,375.79,117.97,90.04
10/13/2016,164.29,371.68,118.26,90.37
10/14/2016,161.9,366.73,117.56,88.69
10/17/2016,162.62,371.53,118.49,88.57
10/18/2016,162.8,368.36,115.41,89.81
10/19/2016,161.08,371.24,114.59,89.16
10/20/2016,161.5,363.53,114.87,90.01
10/21/2016,158.51,362.25,113.44,89.26
10/24/2016,158.76,366.93,113.61,88.8
10/25/2016,157.9,363.08,113.96,88.39
10/26/2016,158.99,365.35,114.56,88.44
10/27/2016,160.57,355.83,115.7,88.49
10/28/2016,145.18,345.02,115.33,86.83
10/31/2016,141.16,346.55,115.99,85.56
11/1/2016,140.76,343.66,115.34,86.36
11/2/2016,138.7,336.01,114.86,84.78
11/3/2016,135.22,341.39,115.03,82.29
11/4/2016,135.4,365.39,115.11,83.9
11/7/2016,139.21,367.77,116.66,87.06
11/8/2016,138.45,418.42,117.05,87.21
11/9/2016,146.42,423,120.31,95
11/10/2016,151.57,419.79,119.54,96.59
11/11/2016,149.04,444.52,118.47,96
11/14/2016,146.42,428.65,116.6,97.7
11/15/2016,147.06,420.08,116.32,97.11
11/16/2016,147.23,404.56,116.36,95.5
11/17/2016,147.36,397.48,116.57,96.17
11/18/2016,145.23,405.48,115.36,94.91
11/21/2016,145.55,398.97,115,95.57
11/22/2016,144.33,402.41,112.74,93.79
11/23/2016,145.03,398.16,113.07,94.58
11/25/2016,145.43,390.38,114.13,94.82
11/28/2016,145.07,387.26,113.13,93.33
11/29/2016,146,379.24,112.48,93.44
11/30/2016,144.07,375.56,111.3,91.36
12/1/2016,142.39,372.71,111.38,89.83
12/2/2016,144.01,369.82,111.96,90.15
12/5/2016,145.29,368.95,111.94,90.64
12/6/2016,145.11,362.01,112.06,91.45
12/7/2016,141.19,369.15,111.1,88.76
12/8/2016,140.59,372.83,110.99,89.51
12/9/2016,143.45,387.1,112.26,89.89
12/12/2016,145.76,382,115.36,89.18
12/13/2016,148.37,381.5,115.89,89.68
12/14/2016,148.69,378.01,114.99,89.81
12/15/2016,150.39,378.85,115.89,90.65
12/16/2016,149.37,371.75,115.88,90.81
12/19/2016,147.74,371.02,116.02,89.6
12/20/2016,147.22,365.06,115.66,90.31
12/21/2016,146.17,372.38,115.31,89.28
12/22/2016,146.36,381.78,115.44,88.9
12/23/2016,147.55,385.95,115.96,90.77
12/27/2016,148.36,378.75,115.91,90.42
12/28/2016,147.67,373.72,115.1,89.36
12/29/2016,147.78,367.09,115.49,89.04
12/30/2016,146.21,379.7,115.21,88.46
1/3/2017,150.73,383.11,115.84,90.08
1/4/2017,152.87,380.92,115.65,92.41
1/5/2017,152.98,358.68,116.86,92.7
1/6/2017,156.78,355.06,116.3,93.42
1/9/2017,158.84,373,116.28,94.76
1/10/2017,158.76,364.47,116.16,95.5
1/11/2017,156.62,364.44,114.73,92.65
1/12/2017,155.36,368.16,114.62,92.98
1/13/2017,156.12,363.24,114.6,93.34
1/17/2017,154.8,362.95,114.87,91.51
1/18/2017,155.77,363.41,114.7,92.27
1/19/2017,153.8,362.56,114.2,91.49
1/20/2017,154.67,354.36,114.15,91.14
1/23/2017,152.72,347.96,113.91,90.28
1/24/2017,151.85,348.93,111.76,90
1/25/2017,154.1,340.75,112.8,90.89
1/26/2017,152.98,346.5,111.84,90.57
1/27/2017,157.16,344.5,113.38,91.36
1/30/2017,154.43,359.29,113.13,90.13
1/31/2017,156.68,364.17,113.25,92.69
2/1/2017,159.67,360.56,113.23,93.47
2/2/2017,159.58,358.26,113.57,93.29
2/3/2017,167.53,362,113.64,94.35
2/6/2017,166.58,357.69,113.4,94.51
2/7/2017,166.82,353.25,113.48,94.14
2/8/2017,168.12,360,113.4,93.91
2/9/2017,167.47,359.87,114.08,94.85
2/10/2017,167.89,375.66,115.24,94.79
2/13/2017,167.66,376.52,115.88,95.43
2/14/2017,168.05,384,116.36,96.6
2/15/2017,171.79,373.02,117.2,98.32
2/16/2017,172.11,371.18,118.08,97.66
2/17/2017,173.29,371.61,118.86,98.12
2/21/2017,173.14,370.22,119.66,97.6
2/22/2017,172.61,360.96,119.52,96.77
2/23/2017,174.01,361.01,121.7,96.44
2/24/2017,174.56,373.05,122.73,96.63
2/27/2017,176.13,373.5,122.4,99.42
2/28/2017,176.53,379.05,122.21,99.08
3/1/2017,178.24,375.86,123.86,100.31
3/2/2017,178.07,378.66,123.63,99.93
3/3/2017,180.2,381.93,123.79,100.83
3/6/2017,179.46,372.52,123.71,99.94
3/7/2017,177.38,381.37,123.83,98.34
3/8/2017,177.78,390.14,124.1,99.22
3/9/2017,178.92,388.23,125.95,99.58
3/10/2017,181.44,388.88,126.21,100.2
3/13/2017,181.05,391.1,126.68,100.2
3/14/2017,180.12,397.8,127.05,99.33
3/15/2017,182.6,392.59,128.96,100.81
3/16/2017,180.11,380.29,128.46,99.53
3/17/2017,168.61,382.02,128.06,98.43
3/20/2017,169.24,370.98,128.07,98.86
3/21/2017,166.85,369.14,127.25,96.12
3/22/2017,167.45,365.02,126.26,96.64
3/23/2017,166.04,373,125.9,96.33
3/24/2017,165.74,383.68,125.48,96.69
3/27/2017,164.91,382.55,125.8,97.71
3/28/2017,164.71,394.14,125.66,97.34
3/29/2017,163.06,386.18,124.92,98.14
3/30/2017,164.38,387.51,124.66,97.8
3/31/2017,164.07,383.19,124.55,97.76
4/3/2017,163.89,382.92,124.69,96.99
4/4/2017,164.36,377.36,124.68,97.13
4/5/2017,162.24,379.48,124.8,95.81
4/6/2017,162.25,380.55,125.05,96.07
4/7/2017,163.38,373.26,124.92,96.84
4/10/2017,162.79,367.07,124.34,96.46
4/11/2017,163.11,366.33,124.22,96.12
4/12/2017,163.05,370.37,125.4,96.22
4/13/2017,161.61,373.45,124.99,96.86
4/17/2017,162.11,366.06,125.72,96.86
4/18/2017,161.25,370.96,121.82,95.89
4/19/2017,161.26,376.4,121.37,96.28
4/20/2017,162.04,370.12,121.87,96.78
4/21/2017,160.41,371.93,121.76,95.83
4/24/2017,163.14,372.32,122.89,97.25
4/25/2017,164.7,371.39,123.43,98.52
4/26/2017,164.61,366.62,123.51,98.8
4/27/2017,162.72,388.49,123.74,98.84
4/28/2017,163.32,396.17,123.47,99.21
5/1/2017,162.6,402.04,123.34,99.79
5/2/2017,163.49,407.03,123.7,99.42
5/3/2017,163.81,434.31,123.33,98.78
5/4/2017,164.29,429,123.95,99.48
5/5/2017,163.81,423.38,123.51,98.62
5/8/2017,163.03,427.18,123.25,96.48
5/9/2017,163.22,431.57,123.21,97.65
5/10/2017,160.51,440.43,122.81,97.3
5/11/2017,160.08,442.05,123.2,97.19
5/12/2017,160.22,450.41,123.64,97.62
5/15/2017,159.97,454.75,126.99,98.04
5/16/2017,159.99,446.72,127.77,98.43
5/17/2017,157.06,457.33,126.67,96.2
5/18/2017,157.96,450.01,126.97,97.42
5/19/2017,156.51,460.99,127,96.82
5/22/2017,153.02,461.37,127.26,97.11
5/23/2017,154.07,458.24,127.52,96.99
5/24/2017,154.6,455.7,127.51,97.05
5/25/2017,155.43,455.17,127.53,96.84
5/26/2017,155.01,448.67,126.92,96.07
5/30/2017,153.85,459.06,127.11,94.77
5/31/2017,155.24,466.02,128.25,95.25
6/1/2017,156.24,480.43,128.78,96.96
6/2/2017,159.15,480.26,130.08,98.6
6/5/2017,160.22,477.73,130.36,98.05
6/6/2017,159.53,482,130.83,97.6
6/7/2017,161.66,485.9,130.75,97.66
6/8/2017,162.65,475.79,130.55,98.25
6/9/2017,164.06,476.23,131.53,98.04
6/12/2017,164.88,473.67,131.82,97.74
6/13/2017,164.43,476.84,132.02,98.14
6/14/2017,165.1,469.5,132.77,98.7
6/15/2017,164.11,459.91,133.04,97.93
6/16/2017,162.42,471.67,134.35,97.58
6/19/2017,165.09,495.33,134.07,99.93
6/20/2017,166.29,522.02,134.22,101.2
6/21/2017,171.35,526.53,134.91,105.37
6/22/2017,173.82,517.33,136.05,106.7
6/23/2017,172.5,515.91,136.43,106.91
6/26/2017,173.67,502.12,136.34,106.57
6/27/2017,170.85,513.19,135.01,103.63
6/28/2017,174.07,509.93,133.82,105.63
6/29/2017,172.59,491.14,132.64,104.12
6/30/2017,172.23,487.73,132.29,103.36
7/3/2017,172.8,497,132.9,103.65
7/5/2017,174.26,490.19,133.64,105.1
7/6/2017,171.72,496.5,132.52,103.48
7/7/2017,171.43,499.91,132.54,104.15
7/10/2017,172.2,492,131.55,103.31
7/11/2017,173.32,496.99,131.23,104
7/12/2017,173.27,505.05,132.23,104.67
7/13/2017,175.04,504.9,131.86,105.47
7/14/2017,177.13,498.11,132.6,105.47
7/17/2017,177.4,497.63,132.15,105.03
7/18/2017,177.48,506.79,134.46,105.05
7/19/2017,179.18,521.13,135.21,106.54
7/20/2017,179.32,515.92,136.57,107.64
7/21/2017,180.21,521.22,135.31,108.29
7/24/2017,181.06,513.45,133.01,109.11
7/25/2017,180.89,515.63,131.88,107.94
7/26/2017,175.89,508.41,130.95,108.63
7/27/2017,172.15,508.71,130.83,106.6
7/28/2017,174.54,491.62,131.85,107.27
7/31/2017,174.51,472,132.72,106.36
8/1/2017,174.13,476.82,132.51,105.26
8/2/2017,174.46,467.11,132.16,105.68
8/3/2017,174.18,468.76,133.35,104.85
8/4/2017,173.85,470.1,133.18,105.19
8/7/2017,174.58,469.68,132.86,105.76
8/8/2017,173.69,474.09,132.27,104.76
8/9/2017,173.55,460.08,133.23,104.43
8/10/2017,169.11,466.59,133.09,101.48
8/11/2017,169.43,474.54,133.1,102.14
8/14/2017,171.67,472.57,133.48,103.19
8/15/2017,170.04,468.54,133.38,103.1
8/16/2017,171.39,464.02,134.17,103.36
8/17/2017,167.81,467.98,133.04,101.6
8/18/2017,167.29,469.74,132.63,101.35
8/21/2017,168.16,478.65,133.45,101.56
8/22/2017,170.07,477.15,134.7,103.51
8/23/2017,169,485.26,132.8,103.05
8/24/2017,169.95,477.8,132.89,104.29
8/25/2017,169.74,479.22,131.68,103.68
8/28/2017,171.78,479.03,131.74,105.63
8/29/2017,172.23,487.12,132.21,105.94
8/30/2017,173.65,496.9,131.07,108.11
8/31/2017,177.77,504,132.37,111.12
9/1/2017,178.71,494.36,131.03,111.95
9/5/2017,176.74,500.22,129.9,111.01
9/6/2017,178.38,471.92,130.67,111.45
9/7/2017,180.71,471.49,132.19,111.74
9/8/2017,180.64,445.11,130.98,111.37
9/11/2017,186.49,444.48,133.21,111.47
9/12/2017,191,437.74,132.63,111.72
9/13/2017,189.7,441.26,132.45,111.34
9/14/2017,189.44,433.45,134.18,110.69
9/15/2017,187.47,434.64,134.45,110.61
9/18/2017,186.47,431.38,135.38,110.72
9/19/2017,186.32,438.17,135.22,109.99
9/20/2017,188.17,433.45,133.22,110.92
9/21/2017,186.64,432.72,131.75,110.42
9/22/2017,185.76,438.15,131.39,109.98
9/25/2017,186.29,434.97,131.17,110.47
9/26/2017,185.6,435.43,130.94,109.4
9/27/2017,184.88,435.11,129.75,110.03
9/28/2017,185.46,447.12,129.47,110.18
9/29/2017,186.45,462.24,130.01,111.2
10/2/2017,187.17,455.63,131.22,112.88
10/3/2017,187.23,456.05,132.1,112.62
10/4/2017,188.59,463.4,132.89,113.49
10/5/2017,186.85,469.95,133.19,113.62
10/6/2017,185.82,469.56,133.22,113.49
10/9/2017,185.46,461.13,133.45,113.16
10/10/2017,185.79,452.97,133.9,113.2
10/11/2017,184.15,447.15,136.65,112.96
10/12/2017,182.76,442.96,136.83,112.38
10/13/2017,183.01,445.68,136.43,112.13
10/16/2017,181.9,442.56,136.12,112.28
10/17/2017,186.19,439.37,140.79,112.71
10/18/2017,186.28,440.94,140.68,111.99
10/19/2017,184.12,432.98,142.04,111.7
10/20/2017,182.96,432.76,142.4,110.6
10/23/2017,180.53,426.51,143.62,109.25
10/24/2017,180.37,421.93,141.64,108.39
10/25/2017,177.5,416.04,142.36,107.15
10/26/2017,176.52,409.22,141.81,104.66
10/27/2017,175.28,406.52,141.78,105.37
10/30/2017,174.59,402.62,140,105.55
10/31/2017,175.22,397,139.41,104.73
11/1/2017,175.42,397.45,139.98,104.06
11/2/2017,172.41,408.41,139.93,104.02
11/3/2017,173.44,406.63,140.08,105.62
11/6/2017,170.8,404.39,139.76,105.2
11/7/2017,173.48,415.17,139.77,104.67
11/8/2017,173.58,406.21,141.32,104.27
11/9/2017,174,404.54,140.35,103.68
11/10/2017,172.35,393.62,139.56,104.06
11/13/2017,171.5,384.8,139.76,103.36
11/14/2017,170.13,386.3,139.49,101.68
11/15/2017,169.38,394.69,139.1,102.08
11/16/2017,170.77,391.59,138.87,103.6
11/17/2017,170,385.22,138,103.74
11/20/2017,168.79,384.44,137.93,102.78
11/21/2017,169.84,387.54,138.34,103.57
11/22/2017,169.96,384.85,137.29,104.17
11/24/2017,170.12,374.53,138.01,104.21
11/27/2017,169.71,366,138.1,103.48
11/28/2017,170.26,358.63,140.02,103.77
11/29/2017,172.23,361.86,139.81,103.76
11/30/2017,175.66,373.47,139.33,105.25
12/1/2017,177.2,378.37,139.98,105.7
12/4/2017,178.69,372.34,139.01,104.03
12/5/2017,178.67,375.13,139.67,103.33
12/6/2017,176.22,373.61,141.06,102.58
12/7/2017,173.96,380.78,140.01,104.05
12/8/2017,175.41,381.32,140.59,106.07
12/11/2017,176.83,381.72,141.14,106.23
12/12/2017,176.26,386.67,142.6,105.76
12/13/2017,177.38,383.12,142.89,106.72
12/14/2017,174.92,388.95,141.65,105.17
12/15/2017,177.04,383.39,142.46,106.6
12/18/2017,176.14,385.72,141.8,106.36
12/19/2017,176.87,382.89,141.78,106.11
12/20/2017,177.11,384.14,141.16,106.66
12/21/2017,176.68,381,141.06,106.8
12/22/2017,176.42,387.43,140.12,106.94
12/26/2017,176.09,384.09,140.09,107.44
12/27/2017,176.21,382.82,140.57,107.59
12/28/2017,175.25,375.96,140.56,107.79
12/29/2017,173.9,382.6,139.72,106.77
1/2/2018,177,393.78,139.23,109.34
1/3/2018,180.34,382.95,140.56,110.88
1/4/2018,179.58,385.1,140.55,109.97
1/5/2018,180.65,372.52,141.71,109.83
1/8/2018,180.6,368.65,141.89,108.37
1/9/2018,183.38,366.46,144.14,110.41
1/10/2018,182.86,368.26,143.97,110.91
1/11/2018,181.96,366.96,144.79,111.23
1/12/2018,185.04,370.21,145.76,111.98
1/16/2018,185.54,374.07,146.86,110.6
1/17/2018,188.01,371.28,146.98,111.41
1/18/2018,187.59,371.53,146.92,111.27
1/19/2018,189.28,375.86,147.36,112
1/22/2018,192.33,381.71,148.14,115.52
1/23/2018,191.99,383.32,141.83,116.81
1/24/2018,190.63,391.84,142.07,115.9
1/25/2018,190.08,374.36,144.4,116.63
1/26/2018,196.01,382.88,145.33,118.04
1/29/2018,198,379.77,143.68,118.5
1/30/2018,191.27,366.65,142.43,116.27
1/31/2018,186.05,345.79,138.19,114.08
2/1/2018,185.56,347.86,140.02,113.98
2/2/2018,187.01,331.98,137.68,112.14
2/5/2018,174.75,338.8,130.39,107.18
2/6/2018,176.65,334.61,131.83,109.36
2/7/2018,177.47,322.62,131.42,109.41
2/8/2018,173.12,336.38,126.36,104.86
2/9/2018,173.46,342.67,129.53,105.67
2/12/2018,174.87,324.57,130.27,107.35
2/13/2018,175.94,330.69,129.96,107.54
2/14/2018,179.52,333.18,129.67,109.73
2/15/2018,183.6,332.15,131.23,110.76
2/16/2018,183.55,323.04,133.15,110.36
2/20/2018,182.98,317.51,130.87,109.25
2/21/2018,182.43,315.82,129.91,109.08
2/22/2018,182.45,323.86,129.91,108.42
2/23/2018,186.67,324.89,132.02,110.68
2/26/2018,188.5,320.97,132.07,111.49
2/27/2018,185.79,320.44,131.67,110.1
2/28/2018,183.77,321.78,129.88,108.08
3/1/2018,183.29,330.47,127.28,107.04
3/2/2018,185.08,333.91,128.82,109.65
3/5/2018,190.13,333.48,129.79,110.86
3/6/2018,190.35,334.41,128.22,111.12
3/7/2018,187.53,340.78,129.04,111.8
3/8/2018,187.16,341.7,132.06,112.62
3/9/2018,191.1,344.55,133.8,114.36
3/12/2018,189.3,337.75,132.63,114.73
3/13/2018,189.75,341.42,134.35,113.92
3/14/2018,190.57,334.93,132.32,113.78
3/15/2018,189.75,343.3,133.06,112.67
3/16/2018,188.24,339.08,133.68,112.74
3/19/2018,182.55,333.86,130.24,110.48
3/20/2018,182.03,334.87,131.21,110.54
3/21/2018,181.59,327.69,131.19,110.67
3/22/2018,176.08,321.29,127.38,108.13
3/23/2018,169.43,330.71,125.1,105.29
3/26/2018,175.19,329.24,127.39,108.11
3/27/2018,171.15,338.48,127.21,105.12
3/28/2018,170.46,344.36,127.45,105.98
3/29/2018,170.48,330.56,128.15,106.74
4/2/2018,166.05,332.2,124.56,102.52
4/3/2018,168.22,337.35,128.35,102.9
4/4/2018,173.52,328.59,130.41,105.89
4/5/2018,172,319.61,130.71,104.17
4/6/2018,168.14,319.7,128.1,101.03
4/9/2018,169.62,328.04,129.48,102.87
4/10/2018,173.13,322.78,130.25,105.7
4/11/2018,172.41,325.08,129.63,105.33
4/12/2018,171.02,321.56,130.43,106.72
4/13/2018,171.48,318.2,130.62,105.96
4/16/2018,171.38,322.63,131.76,105.24
4/17/2018,174.88,321.39,130.54,107.28
4/18/2018,175.11,315.83,127.72,107.35
4/19/2018,172.93,314.25,127.55,105.89
4/20/2018,172.93,316.01,126.66,104.96
4/23/2018,174.66,312,126.83,104.79
4/24/2018,171.94,316.17,126.19,103.27
4/25/2018,174.83,323.97,126.76,103.26
4/26/2018,175.37,313.05,128.01,105.3
4/27/2018,177.46,303.68,128.27,105.61
4/30/2018,174.48,301.22,126.49,103.65
5/1/2018,169.28,296.14,126.01,104.05
5/2/2018,169.43,292.41,123.5,102.68
5/3/2018,166.39,291.25,123.03,101.28
5/4/2018,167.98,288.54,124.19,102.35
5/7/2018,168.06,285.86,123.59,103
5/8/2018,168.49,284.6,122.61,102.41
5/9/2018,169.64,288.9,123.51,103.79
5/10/2018,170.77,306.94,125.35,103.73
5/11/2018,173.89,309.54,127.24,106.58
5/14/2018,175.96,300.45,126.06,107.68
5/15/2018,172.34,303.21,125.13,106.58
5/16/2018,173.8,308,125.35,107.53
5/17/2018,174.65,301.81,123.85,107.59
5/18/2018,176.3,296.6,124.24,107.8
5/21/2018,176.47,294.68,123.72,106.38
5/22/2018,178.36,295.31,122.91,106.72
5/23/2018,179.94,294.61,123.45,107.25
5/24/2018,177.96,293.74,122.25,107.34
5/25/2018,178.24,296.5,121.47,107.56
5/29/2018,177.44,300.89,119.4,107.08
5/30/2018,180.24,300.32,120.97,108.51
5/31/2018,179.62,306.88,119.62,108.45
6/1/2018,183.57,312.09,121.26,109.84
6/4/2018,185.44,311.85,121.95,109.13
6/5/2018,181.73,315.13,121.48,109.16
6/6/2018,183.55,308.72,122.79,110.52
6/7/2018,183.55,308.1,123.33,109.76
6/8/2018,184.3,311.95,124.06,110.11
6/11/2018,184.61,309.53,122.66,109.98
6/12/2018,185.07,308.28,122.54,110.91
6/13/2018,183.68,315.67,122.63,110.49
6/14/2018,185.79,315.3,122.41,111.38
6/15/2018,185.01,315.61,122.61,111.26
6/18/2018,183.95,327.07,121.32,110.43
6/19/2018,186.19,336.93,122.57,112.04
6/20/2018,186.51,329.04,122.04,113.9
6/21/2018,185.99,331.97,121.45,112.61
6/22/2018,185.15,327.11,122.84,112.23
6/25/2018,185.36,327.23,122.59,110.2
6/26/2018,184.59,336.61,122.35,109.57
6/27/2018,183.53,341.82,121.61,107.34
6/28/2018,183.34,344.99,122,107.95
6/29/2018,184.59,351.14,121.34,109.82
7/2/2018,185.29,353.86,121.58,110.69
7/3/2018,185.71,360.95,122.71,110.59
7/5/2018,187.36,369.59,125,111.98
7/6/2018,191.01,371.31,125.75,116.21
7/9/2018,194.17,366.27,126.05,116.81
7/10/2018,195.69,365.21,127.38,116.61
7/11/2018,193.15,366.43,126.24,116.27
7/12/2018,194.08,367.64,127.76,118.15
7/13/2018,195.91,364.75,125.93,118.35
7/16/2018,194.88,365.43,124.69,117.49
7/17/2018,193.92,365.98,129.11,118.37
7/18/2018,192.8,367.74,127.8,118.23
7/19/2018,191.76,367.11,125.94,118.35
7/20/2018,190.49,366.21,125.85,118.26
7/23/2018,189.97,372.77,126.63,118.19
7/24/2018,191.4,374.49,129.36,118.02
7/25/2018,193.04,373.59,128.62,119.33
7/26/2018,194.05,367.6,130.28,117.85
7/27/2018,192.44,371.51,131.55,115.41
7/30/2018,190.63,368.01,132.17,114.13
7/31/2018,196.55,371.03,132.52,116.49
8/1/2018,195.84,397,132.64,117.17
8/2/2018,196.38,394.88,131.25,118.05
8/3/2018,197.99,390.05,131.95,117.17
8/6/2018,197.61,391.42,132.02,116.94
8/7/2018,200.4,374.27,131.46,118.38
8/8/2018,196.2,372.14,131.17,117.55
8/9/2018,193.97,368.78,131.2,117.37
8/10/2018,194.42,366.45,130.75,116.73
8/13/2018,195.61,366.23,130.22,116.56
8/14/2018,195.76,361.87,129.5,117.21
8/15/2018,195.26,371.78,130.43,115.38
8/16/2018,196.44,374.26,132.48,116.27
8/17/2018,197.42,374.8,134.47,116.29
8/20/2018,197.56,378.56,136.88,116.09
8/21/2018,197.31,380.17,135.35,117.17
8/22/2018,197.84,379.19,134.61,118
8/23/2018,196.6,376.33,135.11,117.32
8/24/2018,196.64,388.44,135.95,117.4
8/27/2018,198.6,390.05,134.92,119.46
8/28/2018,198.62,406.62,134.32,120.05
8/29/2018,199.75,408.51,134.86,121.56
8/30/2018,200.35,406.75,134.95,122.03
8/31/2018,199.81,403.93,134.69,122.19
9/4/2018,196.73,406.94,133.72,121
9/5/2018,197.75,397.93,135.86,120.56
9/6/2018,196.15,395.42,136.87,118.42
9/7/2018,196.3,395.04,137.32,117.74
9/10/2018,202.5,393.77,137.21,117.94
9/11/2018,199.47,388.88,138.51,117.44
9/12/2018,199.5,397.71,139.36,117.5
9/13/2018,202.93,392.17,139.89,118.37
9/14/2018,200.58,386.49,139.49,117.77
9/17/2018,200.81,388.33,139.96,116.21
9/18/2018,202.34,383.7,140.54,117.51
9/19/2018,203.2,387.25,140.46,117.66
9/20/2018,205.1,390.28,141.98,119.29
9/21/2018,205.1,390.19,142.88,118.55
9/24/2018,207.21,390.05,140.47,119.96
9/25/2018,206.46,391.53,138.64,120.23
9/26/2018,206.83,406,138.16,120.61
9/27/2018,208.89,404.04,138.22,121.87
9/28/2018,207.29,394.23,138.17,121.94
10/1/2018,206.91,400.57,139.69,121.17
10/2/2018,207.67,403.04,140.48,120.37
10/3/2018,206.9,392.05,139.03,121.26
10/4/2018,203.47,391.77,139.35,117.88
10/5/2018,204.02,394.15,139.1,116.53
10/8/2018,205.57,392.53,139.39,115.65
10/9/2018,206,381.94,139.2,115.13
10/10/2018,201.2,371.67,137.73,111.31
10/11/2018,193.85,384.16,133.84,109.08
10/12/2018,197.39,377.55,133.87,111.25
10/15/2018,195.59,398.52,133.95,110.09
10/16/2018,202.34,399.06,136.56,114.75
10/17/2018,202.77,395.22,139.46,114.69
10/18/2018,202.72,389.83,139.5,113
10/19/2018,201.8,387.8,139.05,111.22
10/22/2018,198.02,380.69,138.68,109.62
10/23/2018,197.64,351.39,138.93,109.09
10/24/2018,187.88,336.94,137.47,102.81
10/25/2018,188.1,335.82,138.47,103.99
10/26/2018,185.98,336.18,136.97,103.61
10/29/2018,188.19,339.7,137.55,102.61
10/30/2018,189.08,339.24,140.75,103.63
10/31/2018,192.79,355.11,139.99,104.07
11/1/2018,192.9,352.59,140.82,108.07
11/2/2018,187.06,354.93,140.68,108.1
11/5/2018,189.92,357.61,142.2,108.03
11/6/2018,190.75,364.25,142.57,108.5
11/7/2018,197.62,363.34,144.75,111.03
11/8/2018,196.02,356.66,145.3,110.17
11/9/2018,193.16,346.56,145.34,107.73
11/12/2018,191.56,342.1,145.62,104.45
11/13/2018,191.55,337.29,144.68,104.03
11/14/2018,190.36,341.65,144.25,101.92
11/15/2018,192.45,345.33,144.5,104.15
11/16/2018,194.18,338.99,145.99,105.05
11/19/2018,194.91,337.29,147.73,102.8
11/20/2018,196.44,343.17,146.45,102.18
11/21/2018,192.77,340.86,141.99,102.8
11/23/2018,192.57,353.18,142.23,103.21
11/26/2018,194.3,353.59,141.37,104.97
11/27/2018,197.1,363.64,143.22,104.7
11/28/2018,201.42,359.57,146.44,107.54
11/29/2018,202.37,365.65,145.85,107.49
11/30/2018,208.25,382.61,146.9,109.1
12/3/2018,202.93,372.8,146.21,110.35
12/4/2018,197.76,381.69,146.03,106.71
12/6/2018,199.01,372.83,145.91,106.88
12/7/2018,191.44,377.59,145.43,103.64
12/10/2018,194.09,375.72,145.26,103.82
12/11/2018,196.18,377.96,146.5,104.17
12/12/2018,196.41,378.51,147.1,105.48
12/13/2018,197.53,381.17,147.84,103.89
12/14/2018,192.07,375.5,133,101.93
12/17/2018,190.08,369,129.14,100.25
12/18/2018,187.1,360.7,130.42,98.31
12/19/2018,185.49,356.23,127.61,96.21
12/20/2018,184.96,344.6,128.27,94.56
12/21/2018,180.21,340.64,128.09,90.86
12/24/2018,178.4,363.29,122.84,89.61
12/26/2018,187.86,364.79,126.71,94.81
12/27/2018,190.33,362.62,127.41,95.16
12/28/2018,190.73,373.5,127.27,94.84
12/31/2018,194.67,372.44,129.05,96.43
1/2/2019,191.9,372.08,127.75,97.5
1/3/2019,188.98,397.55,125.72,97.64
1/4/2019,195.44,396.63,127.83,102.55
1/7/2019,198.07,397.26,127.01,105.99
1/8/2019,200.61,399.58,129.96,106.75
1/9/2019,200.37,408.06,128.93,107.5
1/10/2019,202.68,408.63,129.71,108.9
1/11/2019,200.56,400.73,129.75,109.01
1/14/2019,196.78,405.02,128.28,107.17
1/15/2019,199.38,404.54,129.36,109.24
1/16/2019,198.89,417.38,128.04,108.65
1/17/2019,201.92,418.84,129.09,109.79
1/18/2019,203.88,404.75,130.69,110.47
1/22/2019,201.98,401.21,128.8,108.72
1/23/2019,201.98,407.93,128.8,107.81
1/24/2019,200.97,418.29,127.03,107.79
1/25/2019,198.77,413.95,128.23,109.44
1/28/2019,191.95,417.15,128.99,107.26
1/29/2019,192.11,419.91,130.33,107.47
1/30/2019,184.86,429.27,131.64,108.2
1/31/2019,187.11,430.15,133.08,109.69
2/1/2019,187.07,425.4,134.2,110.27
2/4/2019,186.18,421.04,132.88,110.24
2/5/2019,188.31,406.56,132.88,110.06
2/6/2019,190.76,406.46,133,109.88
2/7/2019,184.23,406.86,132.05,107.13
2/8/2019,186,408.51,132.4,107.8
2/11/2019,185.79,416.34,132,108.34
2/12/2019,188.43,412.09,134.16,109.42
2/13/2019,188.98,414.97,134.45,109.75
2/14/2019,186.68,423.97,134.31,110.22
2/15/2019,188.34,420.6,136.38,112.04
2/19/2019,186.97,422.51,135.69,111.4
2/20/2019,186.92,418.62,136.35,111.1
2/21/2019,185.5,422.52,135.42,109.15
2/22/2019,187.5,420.38,136.6,110.71
2/25/2019,189.81,426.15,136.2,112.96
2/26/2019,190.08,433.33,136.11,112.5
2/27/2019,191.42,430.74,135.87,114.14
2/28/2019,190.08,439.57,136.64,112.74
3/1/2019,191.16,433.83,138.35,115.11
3/4/2019,189.78,437.13,138.48,114.01
3/5/2019,188.82,423.69,138.77,113.42
3/6/2019,183.15,409.58,139.09,109.87
3/7/2019,181.46,402.64,138.24,109.14
3/8/2019,180.87,412.05,138.06,108.61
3/11/2019,184.14,417.62,138.56,110.93
3/12/2019,184.18,409.01,139.18,111.84
3/13/2019,187.35,407.5,139.41,113.3
3/14/2019,187.76,414.47,138.02,112.99
3/15/2019,191.24,407.6,137.6,114.2
3/18/2019,191.31,406.99,137.17,113.92
3/19/2019,191.49,405.5,138.44,113.85
3/20/2019,191.12,402.59,137.29,113.18
3/21/2019,191.89,391.8,138.1,111.97
3/22/2019,186.7,395,136.91,108.17
3/25/2019,186.59,405.62,136.61,108.32
3/26/2019,188.27,402.87,138.57,110.33
3/27/2019,186.32,404.83,138.7,108.8
3/28/2019,187.65,410.62,138.88,109.46
3/29/2019,189.98,410.05,139.79,111.8
4/1/2019,191.77,414.82,138.98,111.91
4/2/2019,192.43,407,137.71,112.82
4/3/2019,192.92,406.53,137.17,113.49
4/4/2019,192.33,408.94,135.57,113.03
4/5/2019,195.41,401.26,136.18,114.93
4/8/2019,194.88,395.73,136.14,114.44
4/9/2019,192.98,408.23,135.57,112.6
4/10/2019,193.89,393.48,135.58,113.84
4/11/2019,192.11,382.94,135.21,111.9
4/12/2019,191.42,375.5,135.98,111.05
4/15/2019,191.2,367.69,136.52,110.49
4/16/2019,188.05,342.97,138.02,109.39
4/17/2019,182.47,333.34,138.52,105.14
4/18/2019,177.47,334.03,137.52,104.54
4/22/2019,176.36,344.14,137.83,104.59
4/23/2019,179.76,340.46,139.9,106.8
4/24/2019,178.3,349.99,139.2,105.64
4/25/2019,180.48,343.66,139.65,106.71
4/26/2019,181.47,344.15,140.39,107.4
4/29/2019,181.17,343.14,139.84,107.31
4/30/2019,179.32,340.79,141.2,106.42
5/1/2019,176.14,335.41,141.95,105.56
5/2/2019,176.5,336.89,141.28,105.98
5/3/2019,177.31,344.23,142.01,107.91
5/6/2019,177.06,322.4,142.09,108.83
5/7/2019,173.87,329,139.97,105.63
5/8/2019,172.15,324.17,139.79,105.59
5/9/2019,172.87,312.86,138.73,105.34
5/10/2019,171.85,305.15,139.05,105
5/13/2019,167.6,304.62,137.2,101.32
5/14/2019,167.81,305.85,136.82,102.44
5/15/2019,169.87,308.04,136.91,103.37
5/16/2019,169.92,304.94,138.21,104.44
5/17/2019,169.91,302.57,138.61,103.77
5/20/2019,168.39,309.95,138.42,102.32
5/21/2019,169.69,320.09,138.12,104.35
5/22/2019,171.3,315.26,138.76,104.68
5/23/2019,172.11,312.56,139.79,103.77
5/24/2019,171.28,307.93,138.85,104.2
5/28/2019,168.85,307.78,137.07,102.9
5/29/2019,169.18,307.96,131.33,101.75
5/30/2019,169.04,301.72,132.11,101.79
5/31/2019,166.7,303.95,131.15,99.98
6/3/2019,172.36,302.06,131.44,101.06
6/4/2019,174.73,300,133.73,103.01
6/5/2019,174.55,299.6,134.38,103.18
6/6/2019,174.45,306.72,136.68,102.17
6/7/2019,175.51,304.25,138.55,103.83
6/10/2019,175.58,306.84,139.02,103.21
6/11/2019,174.62,306.16,139.78,102.7
6/12/2019,175.6,307.42,141.68,103.33
6/13/2019,176.71,305.24,140.71,104.1
6/14/2019,176.08,310.98,140.09,103.13
6/17/2019,178.39,306.63,139.44,106.1
6/18/2019,181.61,310.83,140.23,107.56
6/19/2019,182.77,320.48,140.45,108.17
6/20/2019,184.08,320.26,142.21,108.62
6/21/2019,187.11,312.55,142.09,109.45
6/24/2019,184.83,312.9,143.06,107.12
6/25/2019,184.44,305.08,144.24,106.89
6/26/2019,183.17,310.67,141.85,105.82
6/27/2019,184.02,313,140.69,107.28
6/28/2019,184.28,316.56,139.28,109.1
7/1/2019,186.35,315.53,139.36,109.73
7/2/2019,186.64,318.39,140.03,109.65
7/3/2019,188.58,307,142.14,110.93
7/5/2019,185.94,302.84,140.57,109.22
7/8/2019,182.24,307.97,140.97,107.74
7/9/2019,181.59,301.43,141.41,108.84
7/10/2019,182.27,291.82,141.21,108.53
7/11/2019,178,292.56,140.11,106.98
7/12/2019,174.93,298.2,134.3,105.52
7/15/2019,176.12,298.37,134.71,106.08
7/16/2019,177.47,299.42,132.5,105.47
7/17/2019,177.06,303.09,131.86,105.58
7/18/2019,179.54,298.11,132.07,106.45
7/19/2019,178.39,296.52,130.31,104.88
7/22/2019,175.89,309.26,128.64,105.12
7/23/2019,176.01,313.63,128.84,105.39
7/24/2019,175.77,303.42,129.78,105.68
7/25/2019,174.11,309.18,131.12,104.2
7/26/2019,175.34,306.04,130.73,105.32
7/29/2019,176.08,311.13,133.02,105.41
7/30/2019,176.45,304.76,132.08,106.36
7/31/2019,186.58,309.43,130.22,105.66
8/1/2019,186,305.24,130.29,106.38
8/2/2019,187.22,299.57,131.07,105.07
8/5/2019,181.5,300.26,130.16,102.29
8/6/2019,184.46,302.22,130.77,103.74
8/7/2019,183.54,309.87,130.21,104.02
8/8/2019,185.23,304.89,131.68,105.88
8/9/2019,196.25,295.87,132.04,105.48
8/12/2019,205.78,304.86,131.93,104.16
8/13/2019,206.12,293.53,133.42,105.38
8/14/2019,198.87,293.11,130.26,103.03
8/15/2019,199.31,296.85,130.54,102.68
8/16/2019,204.02,298.38,131.36,104.97
8/19/2019,206,296.03,132.25,106.16
8/20/2019,203.17,297.78,130.6,105.08
8/21/2019,203.94,295.02,131.53,106.04
8/22/2019,203.42,286.85,131.27,105.17
8/23/2019,199.08,284.73,127.73,102.41
8/26/2019,205.41,281.41,127.8,103.16
8/27/2019,206.49,287.64,129.64,102.22
8/28/2019,207.52,290.57,128.68,102.88
8/29/2019,206.98,290.05,128.24,103.62
8/30/2019,208.62,285.12,128.36,102.93
9/3/2019,205.52,286.5,128.74,101.15
9/4/2019,206.32,289.37,128.86,101.21
9/5/2019,207.65,292,128.58,102.39
9/6/2019,207.73,279,128.21,102.24
9/9/2019,202.34,283.72,126.95,101.83
9/10/2019,196.87,283.33,129.55,102.98
9/11/2019,195.84,284.18,131.17,104.76
9/12/2019,194,281.62,130.43,104.15
9/13/2019,195.47,285.89,130.78,104.2
9/16/2019,194.08,288.12,129.54,105.14
9/17/2019,196.72,285.06,129.67,105.19
9/18/2019,195.04,286.15,130.41,104.44
9/19/2019,195.65,295.87,130.11,104.63
9/20/2019,196.94,294.7,131.65,105.55
9/23/2019,197.76,289.71,131.74,104.63
9/24/2019,196.55,286.65,131.55,102.42
9/25/2019,196.06,281.31,130.99,102.13
9/26/2019,195.38,273.46,128.85,100.08
9/27/2019,194.94,277.4,128.6,99.3
9/30/2019,193.51,276.47,129.38,99.5
10/1/2019,193.19,274.13,129.99,98
10/2/2019,189.21,280.72,132,97.24
10/3/2019,192.62,282.93,131.19,98.79
10/4/2019,195.59,283.81,133.66,99.53
10/7/2019,197.17,285.1,133.16,99.41
10/8/2019,196.08,290.83,131.84,97.61
10/9/2019,196.69,298.36,129.22,97.75
10/10/2019,198.68,300.77,129.06,99
10/11/2019,200.8,305.44,131.33,100.24
10/14/2019,202.89,303.82,130.72,100.62
10/15/2019,204.66,299.4,132.84,102.46
10/16/2019,203.21,301.57,135.17,102.35
10/17/2019,203.56,300.19,136.17,103.03
10/18/2019,202.72,297.99,127.7,102.27
10/21/2019,202.93,301.31,128.02,103.58
10/22/2019,204.83,305.02,129.2,105.3
10/23/2019,203.32,305.77,129.9,105.64
10/24/2019,203.06,306.21,127.5,105.74
10/25/2019,203.05,308.56,128.35,105.59
10/28/2019,205.01,310.46,129.18,107
10/29/2019,208.99,311,129.12,107.46
10/30/2019,210.88,306.28,132.84,107.59
10/31/2019,213.25,310.48,132.04,107.34
11/1/2019,217.95,311.04,131.2,109.85
11/4/2019,214.41,332.6,130.23,109.5
11/5/2019,215.08,324.49,130.42,109.52
11/6/2019,216.4,326.39,130.96,108.31
11/7/2019,217.99,341.79,131.43,108.35
11/8/2019,221.11,344.28,133,110.36
11/11/2019,220.7,348.41,131.98,110.04
11/12/2019,221.31,348.3,131.35,110.38
11/13/2019,219.67,338.39,131.27,110.58
11/14/2019,218.5,344.87,130.96,109.85
11/15/2019,220.86,340.19,134.94,111.5
11/18/2019,220.67,344.46,134.83,111.24
11/19/2019,224.5,344.24,134.82,113.45
11/20/2019,225.51,350.78,135.94,113.96
11/21/2019,227.82,360.66,136.44,114.3
11/22/2019,230.74,366.82,138.07,115.41
11/25/2019,234.54,363.83,137.18,118.25
11/26/2019,234.39,371.58,137.17,118.48
11/27/2019,234.54,369,137.75,119.39
11/29/2019,234.72,366.08,137.49,119.65
12/2/2019,233.48,368.81,137.36,118.45
12/3/2019,232.77,369.97,137.16,119.15
12/4/2019,233.88,368.34,139.38,120.4
12/5/2019,233.41,372.26,139.56,118.86
12/6/2019,233.77,365.63,140.38,120.03
12/9/2019,232.82,367.67,140.5,119.41
12/10/2019,233.84,373.53,139.99,120.1
12/11/2019,234.01,372.16,140.98,119.48
12/12/2019,235.99,376.42,141.34,120.29
12/13/2019,236.74,376.01,141.38,120.63
12/16/2019,243.2,369.1,141.79,121.61
12/17/2019,242.84,371.36,143.56,120.99
12/18/2019,241.94,372.55,143.19,120.56
12/19/2019,241.84,375.62,145.35,121.15
12/20/2019,243.06,374.2,146.06,122.05
12/23/2019,243.03,376.51,146.44,122.92
12/24/2019,243.03,374.86,145.93,123.5
12/26/2019,241.9,373.32,145.83,122.58
12/27/2019,241.53,373.7,145.75,121.56
12/30/2019,240.27,,145.3,120.18